{"__NRVObject__": true, "nrv_type": "fascicle", "t_sim": 20.0, "record_V_mem": true, "record_I_mem": false, "record_I_ions": false, "record_particles": false, "record_g_mem": false, "record_g_ions": false, "loaded_footprints": false, "dt": 0.001, "save_path": [], "verbose": false, "return_parameters_only": true, "save_results": false, "postproc_label": "default", "postproc_kwargs": [], "config_filename": [], "ID": 1, "type": "Circular", "L": 10000, "D": 90.6684161520942, "y_grav_center": 0, "z_grav_center": 0, "axons_diameter": [1.7505010020040082, 11.509018036072145, 1.4947895791583168, 1.837675350701403, 0.6462925851703406, 0.7160320641282565, 1.6052104208416835, 1.2158316633266533, 9.567134268537075, 0.9078156312625251, 1.4424849699398798, 1.2274549098196395, 4.42685370741483, 12.194388777555112, 1.1460921843687375, 1.5412825651302606, 1.6981963927855712, 1.1519038076152306, 2.7559118236472946, 1.796993987975952, 1.3088176352705412, 1.1402805611222446, 5.569138276553106, 10.214428857715431, 0.535871743486974, 3.056112224448898, 11.204408817635272, 12.23246492985972, 0.8264529058116232, 1.9713426853707416, 5.9118236472945895, 0.9891783567134268, 2.3723446893787576, 1.4366733466933868, 1.0763527054108217, 2.6687374749499, 7.130260521042085, 2.558316633266533, 4.084168336673347, 1.337875751503006, 0.9717434869739479, 5.41683366733467, 1.6342685370741483, 2.4943887775551103, 0.29759519038076154, 1.303006012024048, 2.232865731462926, 8.8436873747495, 0.896192384769539], "axons_type": [0.0, 1.0, 0.0, 0.0, 0.0, 0.0, 0.0, 0.0, 1.0, 0.0, 0.0, 0.0, 1.0, 1.0, 0.0, 0.0, 0.0, 0.0, 0.0, 0.0, 0.0, 0.0, 1.0, 1.0, 0.0, 1.0, 1.0, 1.0, 0.0, 0.0, 1.0, 0.0, 0.0, 0.0, 0.0, 0.0, 1.0, 0.0, 1.0, 0.0, 0.0, 1.0, 0.0, 0.0, 0.0, 0.0, 0.0, 1.0, 0.0], "axons_y": [-18.05280637999634, -12.951030992216502, -10.265546794701471, -3.4529122154064256, 1.2394960319318682, -0.8299836065304347, 19.867343141445534, 26.73973017029139, -29.224678217177704, -14.371493638702898, -8.015785167451188, -1.019822347894498, 5.479475378779148, 11.597982822696187, 13.785181589085328, 25.733363733515002, -21.156673593122008, -11.75902723779513, 12.059902886674305, 18.974939817023067, 25.662177689481833, -28.021718784792917, 18.605554706154606, 31.589058079325547, 29.850493990741747, 32.84309802804095, -38.50841931613881, -21.571179387253093, 19.580466308726944, 23.588616453408918, 32.64642296886833, -26.836278122820385, -11.264032016666945, 16.0546563406025, 15.727821797098672, 22.725987824172666, -24.381746957226355, -18.861155712750968, -12.663089867470173, 4.571318739198594, 11.32185237924201, 25.520750155822423, -9.666499027227436, -4.6032079377032575, -6.581736679800464, 0.06561281493033944, 1.085621145338843, 12.72459114534763, 17.48233648576689], "axons_z": [-18.70255592097356, -30.472110954963696, -19.083490528072428, -20.235617902062724, -25.314114778913524, -30.791667544570473, -21.56162362009129, -24.798654386583657, -20.111603048287684, -12.231544097222372, -11.753974138602944, -13.221421955643264, -18.281141439121093, -31.522733346713764, -19.043455297830263, -17.78210417276165, -11.375866082547098, -6.28748525389075, -11.938210221137345, -14.327562212466399, -10.653268286547846, -9.755559988428972, -5.056709628679766, -1.1526500656494494, 9.41226812481909, -12.944236369542642, 9.370024357050333, 2.059278658935382, 3.837422870471167, 9.1707772989706, 18.714479838340228, 14.084706797867467, 13.502588175762725, 10.559335897412653, 16.819682865931036, 17.098441564117547, 23.763147261830646, 14.343036133918199, 21.74253137397794, 23.51548744396289, 21.963894994884928, 26.797794720304072, 29.322301356738443, 24.182882833110884, 17.816730656099732, 18.963024531700867, 29.48458038393899, 31.409178944235514, 22.550659847776853], "NoR_relative_position": [0.17945010333181888, 0.9320306492985065, 0.5286645932783697, 0.2932583289383178, 0.8617168197433075, 0.7231224009885299, 0.8803065400718637, 0.6847090979907066, 0.7131112820205561, 0.3542821509180386, 0.47383246924865874, 0.727939501147802, 0.3849299681878292, 0.17055246728572704, 0.7145322715974598, 0.11654747895845186, 0.6901453363449782, 0.5612717134738927, 0.47534010442716557, 0.6939106818401428, 0.5969893949245533, 0.31455147713628284, 0.2733386403846686, 0.9333989765128017, 0.12076789286027423, 0.4576859027099379, 0.9592115888332217, 0.6006513144720124, 0.7686652770211787, 0.24677716576703035, 0.8984123078699077, 0.2048796040560089, 0.13185471895938716, 0.5365754931406644, 0.8656322298576585, 0.5681958751153442, 0.39148769442765075, 0.034454613996404926, 0.7722549396153633, 0.9771380556320799, 0.37252879938948835, 0.22668444214467542, 0.7916024233745245, 0.253053737254318, 0.7467531920706181, 0.6277864120759664, 0.8896298849874787, 0.3012649132022276, 0.6369644793341376, 0.8080567940338129, 0.9485998362338599, 0.7889325751330244, 0.213293548653542, 0.6951453043101626, 0.6269586243018297, 0.18230975096671853, 0.4259502891699709, 0.8123823186397399, 0.4881167375429529, 0.6393572271528806], "unmyelinated_param": {"model": "Rattay_Aberham", "dt": 0.001, "Nrec": 0, "Nsec": 1, "Nseg_per_sec": 100, "freq": 100, "freq_min": 0, "mesh_shape": "plateau_sigmoid", "alpha_max": 0.3, "d_lambda": 0.1, "v_init": null, "T": null, "threshold": -40}, "myelinated_param": {"model": "MRG", "dt": 0.001, "node_shift": 0, "Nseg_per_sec": 3, "freq": 100, "freq_min": 0, "mesh_shape": "plateau_sigmoid", "alpha_max": 0.3, "d_lambda": 0.1, "rec": "nodes", "T": null, "threshold": -40}, "extra_stim": {"__NRVObject__": true, "nrv_type": "FEM_stimulation", "type": "FEM_stim", "electrodes": [{"__NRVObject__": true, "nrv_type": "LIFE_electrode", "ID": 0, "footprint": [], "type": "LIFE", "is_multipolar": false, "x": 4500.0, "y": 0, "z": 0, "label": "LIFE_1", "is_volume": false, "D": 25, "length": 1000}], "stimuli": [{"__NRVObject__": true, "nrv_type": "stimulus", "type": "stimulus", "s": [0.0, -40.0, 0.0, 8.0, 0.0], "t": [0.0, 1.0, 1.06, 1.1, 1.4000000000000001]}], "synchronised": false, "synchronised_stimuli": [], "global_time_serie": [], "electrodes_label": ["LIFE_1"], "model_fname": null, "setup": false, "is_run": false, "Ncore": null, "endoneurium": {"__NRVObject__": true, "nrv_type": "material", "name": "endoneurium", "source": "Ranck_1965", "isotrop_cond": false, "_sigma": 0, "_sigma_xx": 0.571, "_sigma_yy": 0.085, "_sigma_zz": 0.085, "_sigma_func": null, "epsilon": null, "freq": null}, "endo_mat_file": "endoneurium_ranck", "perineurium": {"__NRVObject__": true, "nrv_type": "material", "name": "perineurium", "source": "Weerasuriya_1984", "isotrop_cond": true, "_sigma": 0.002, "_sigma_xx": 0, "_sigma_yy": 0, "_sigma_zz": 0, "_sigma_func": null, "epsilon": null, "freq": null}, "peri_mat_file": "perineurium", "epineurium": {"__NRVObject__": true, "nrv_type": "material", "name": "epineurium", "source": "Choi_2001", "isotrop_cond": true, "_sigma": 0.085, "_sigma_xx": 0, "_sigma_yy": 0, "_sigma_zz": 0, "_sigma_func": null, "epsilon": null, "freq": null}, "epi_mat_file": "epineurium", "external_material": {"__NRVObject__": true, "nrv_type": "material", "name": "saline", "source": "admitted_number", "isotrop_cond": true, "_sigma": 0.5, "_sigma_xx": 0, "_sigma_yy": 0, "_sigma_zz": 0, "_sigma_func": null, "epsilon": null, "freq": null}, "ext_mat_file": "saline", "comsol": false, "fenics": true, "model": {"__NRVObject__": true, "nrv_type": "FENICS_model", "Ncore": 1, "is_multi_proc": false, "type": "FENICS", "meshing_timer": 0, "setup_timer": 0, "solving_timer": 0, "access_res_timer": 0, "is_meshed": false, "is_computed": false, "L": 10000, "y_c": 0, "z_c": 0, "Outer_D": 5000.0, "Nerve_D": 136.0026242281413, "fascicles": {"0": {"y_c": 0, "z_c": 0, "d": 90.6684161520942, "res": 18.13368323041884, "face": null, "volume": null}}, "Perineurium_thickness": {"0": 2.720052484562826}, "electrodes": {"0": {"type": "LIFE", "res": 8.333333333333334, "kwargs": {"x_c": 5000.0, "y_c": 0, "z_c": 0, "length": 1000, "d": 25, "is_volume": false}}}, "i_stim": 0.001, "jstims": [], "j_electrode": [],